original,converted
AAB,ABCD
AAC,ABCE
AAD,ABCF
AAF,ABCG
AAL,ABCH
AAR,ABCI
AAW,ABCJ
AAY,ABCK
ABA,ABCL
ABB,ABCM
ABD,ABCN
ABF,ABCO
ABG,ABCP
ABL,ABCQ
ABN,ABCR
ABP,ABCS
ABQ,ABCT
ABR,ABCU
ABT,ABCV
ABW,ABCW
ABX,ABCX
ABY,ABCY
ACA,ABCZ
ACI,ABDE
ACL,ABDF
ACP,ABDG
ACR,ABDH
ADB,ABDI
ADE,ABDJ
ADH,ABDK
ADN,ABDL
ADO,ABDM
ADR,ABDN
ADZ,ABDO
AEA,ABDP
AED,ABDQ
AEE,ABDR
AEG,ABDS
AEH,ABDT
AEL,ABDU
AEP,ABDV
AEY,ABDW
AFB,ABDX
AFF,ABDY
AFG,ABDZ
AFL,ABEF
AFP,ABEG
AFR,ABEH
AFZ,ABEI
AGH,ABEJ
AGU,ABEK
AGV,ABEL
AGY,ABEM
AHE,ABEN
AHO,ABEO
AHY,ABEP
AIA,ABEQ
AIB,ABER
AIC,ABES
AIG,ABET
AIJ,ABEU
AIQ,ABEV
AIZ,ABEW
AJK,ABEX
AJU,ABEY
AKK,ABEZ
ALC,ABFG
ALD,ABFH
ALE,ABFI
ALI,ABFJ
ALK,ABFK
ALN,ABFL
AMB,ABFM
AMC,ABFN
AME,ABFO
AMI,ABFP
AMQ,ABFQ
AMT,ABFR
AMU,ABFS
AMV,ABFT
AMW,ABFU
AMX,ABFV
ANA,ABFW
AND,ABFX
ANE,ABFY
ANG,ABFZ
ANR,ABGH
ANS,ABGI
ANV,ABGJ
ANZ,ABGK
AOJ,ABGL
AOS,ABGM
APE,ABGN
APF,ABGO
APG,ABGP
APJ,ABGQ
APK,ABGR
APX,ABGS
AQS,ABGT
ARA,ABGU
ARE,ABGV
ARG,ABGW
ARH,ABGX
ARI,ABGY
ARK,ABGZ
ARL,ABHI
ARN,ABHJ
ARR,ABHK
ART,ABHL
ARY,ABHM
ASD,ABHN
ASF,ABHO
ASJ,ABHP
ASL,ABHQ
ASM,ABHR
ASP,ABHS
ASR,ABHT
ASS,ABHU
ASV,ABHV
ASY,ABHW
ATA,ABHX
ATG,ABHY
ATI,ABHZ
ATL,ABIJ
ATO,ABIK
ATU,ABIL
ATV,ABIM
AUA,ABIN
AUH,ABIO
AUI,ABIP
AUL,ABIQ
AUR,ABIR
AVA,ABIS
AVJ,ABIT
AVV,ABIU
AWC,ABIV
AWE,ABIW
AWQ,ABIX
AWS,ABIY
AWT,ABIZ
AWU,ABJK
AWY,ABJL
AXB,ABJM
AXE,ABJN
AXG,ABJO
AXM,ABJP
AXY,ABJQ
AYR,ABJR
AYY,ABJS
AZA,ABJT
AZE,ABJU
AZG,ABJV
AZI,ABJW
AZL,ABJX
AZO,ABJY
AZQ,ABJZ
AZS,ABKL
AZU,ABKM
BAA,ABKN
BAE,ABKO
BAF,ABKP
BAH,ABKQ
BAN,ABKR
BAO,ABKS
BAR,ABKT
BAT,ABKU
BAW,ABKV
BAY,ABKW
BAZ,ABKX
BBA,ABKY
BBB,ABKZ
BBC,ABLM
BBD,ABLN
BBG,ABLO
BBK,ABLP
BBO,ABLQ
BBX,ABLR
BCG,ABLS
BCI,ABLT
BCS,ABLU
BCY,ABLV
BDI,ABLW
BDK,ABLX
BDR,ABLY
BEC,ABLZ
BEE,ABMN
BEL,ABMO
BEN,ABMP
BER,ABMQ
BEY,ABMR
BFD,ABMS
BFX,ABMT
BFY,ABMU
BGA,ABMV
BGF,ABMW
BGH,ABMX
BGM,ABMY
BHK,ABMZ
BHL,ABNO
BHP,ABNP
BIA,ABNQ
BID,ABNR
BIE,ABNS
BIO,ABNT
BIT,ABNU
BJN,ABNV
BJU,ABNW
BKC,ABNX
BKE,ABNY
BKH,ABNZ
BKV,ABOP
BLA,ABOQ
BLC,ABOR
BLD,ABOS
BLF,ABOT
BLH,ABOU
BLJ,ABOV
BLU,ABOW
BLW,ABOX
BLX,ABOY
BMI,ABOZ
BMM,ABPQ
BMR,ABPR
BMS,ABPS
BMW,ABPT
BND,ABPU
BNI,ABPV
BNO,ABPW
BOH,ABPX
BOL,ABPY
BON,ABPZ
BOO,ABQR
BOS,ABQS
BOV,ABQT
BOX,ABQU
BPA,ABQV
BPO,ABQW
BPS,ABQX
BRB,ABQY
BRE,ABQZ
BRJ,ABRS
BRK,ABRT
BRN,ABRU
BRO,ABRV
BRQ,ABRW
BRS,ABRX
BRU,ABRY
BRX,ABRZ
BRY,ABST
BSK,ABSU
BTI,ABSV
BUA,ABSW
BUC,ABSX
BUF,ABSY
BUH,ABSZ
BUR,ABTU
BUT,ABTV
BUZ,ABTW
BVL,ABTX
BVR,ABTY
BWA,ABTZ
BWJ,ABUV
BWY,ABUW
BYS,ABUX
BZE,ABUY
BZH,ABUZ
CAA,ABVW
CAI,ABVX
CAJ,ABVY
CAL,ABVZ
CAM,ABWX
CAN,ABWY
CAO,ABWZ
CAS,ABXY
CAT,ABXZ
CAW,ABYZ
CAZ,ACDE
CBA,ACDF
CBE,ACDG
CBJ,ACDH
CBM,ACDI
CCA,ACDJ
CCC,ACDK
CCE,ACDL
CCM,ACDM
CCR,ACDN
CDV,ACDO
CDX,ACDP
CEB,ACDQ
CEF,ACDR
CEL,ACDS
CEN,ACDT
CES,ACDU
CEV,ACDV
CFA,ACDW
CFB,ACDX
CFC,ACDY
CFD,ACDZ
CFE,ACEF
CFF,ACEG
CFG,ACEH
CFH,ACEI
CFI,ACEJ
CFJ,ACEK
CFL,ACEL
CFM,ACEM
CFN,ACEN
CFP,ACEO
CFR,ACEP
CFS,ACEQ
CFV,ACER
CFW,ACES
CFX,ACET
CFY,ACEU
CFZ,ACEV
CGA,ACEW
CGB,ACEX
CGC,ACEY
CGD,ACEZ
CGE,ACFG
CGF,ACFH
CGG,ACFI
CGH,ACFJ
CGI,ACFK
CGJ,ACFL
CGK,ACFM
CGL,ACFN
CGM,ACFO
CGN,ACFP
CGO,ACFQ
CGP,ACFR
CGR,ACFS
CGS,ACFT
CGT,ACFU
CGU,ACFV
CGV,ACFW
CGW,ACFX
CGX,ACFY
CGZ,ACFZ
CHA,ACGH
CHB,ACGI
CHD,ACGJ
CHH,ACGK
CHP,ACGL
CIG,ACGM
CJA,ACGN
CJT,ACGO
CKK,ACGP
CKS,ACGQ
CLA,ACGR
CLB,ACGS
CLE,ACGT
CLF,ACGU
CLG,ACGV
CLI,ACGW
CLU,ACGX
CLV,ACGY
CLX,ACGZ
CMB,ACHI
CMR,ACHJ
CNA,ACHK
CNB,ACHL
CNC,ACHM
CND,ACHN
CNF,ACHO
CNG,ACHP
CNK,ACHQ
CNL,ACHR
CNR,ACHS
CNS,ACHT
CNT,ACHU
CNV,ACHV
COB,ACHW
COL,ACHX
COM,ACHY
CON,ACHZ
COO,ACIJ
COR,ACIK
COT,ACIL
COU,ACIM
COW,ACIN
CPA,ACIO
CPI,ACIP
CQH,ACIQ
CRA,ACIR
CRE,ACIS
CRL,ACIT
CRO,ACIU
CRV,ACIV
CRX,ACIW
CSA,ACIX
CSC,ACIY
CSD,ACIZ
CSE,ACJK
CSH,ACJL
CSN,ACJM
CSZ,ACJN
CTM,ACJO
CTN,ACJP
CTS,ACJQ
CTV,ACJR
CUB,ACJS
CUC,ACJT
CUS,ACJU
CVK,ACJV
CVN,ACJW
CWG,ACJX
CWL,ACJY
CWY,ACJZ
CXA,ACKL
CXB,ACKM
CXC,ACKN
CXF,ACKO
CXI,ACKP
CYD,ACKQ
CYF,ACKR
CYL,ACKS
CYP,ACKT
DAA,ACKU
DAB,ACKV
DAC,ACKW
DAD,ACKX
DAF,ACKY
DAH,ACKZ
DAL,ACLM
DAN,ACLN
DAR,ACLO
DAS,ACLP
DAT,ACLQ
DAU,ACLR
DAW,ACLS
DBA,ACLT
DBE,ACLU
DBF,ACLV
DBH,ACLW
DBJ,ACLX
DBO,ACLY
DBR,ACLZ
DBV,ACMN
DCA,ACMO
DCB,ACMP
DCC,ACMQ
DCD,ACMR
DCE,ACMS
DCF,ACMT
DCG,ACMU
DCH,ACMV
DCI,ACMW
DCJ,ACMX
DCK,ACMY
DCL,ACMZ
DCM,ACNO
DCN,ACNP
DCO,ACNQ
DCP,ACNR
DCS,ACNS
DCT,ACNT
DCU,ACNU
DCV,ACNV
DCW,ACNW
DEA,ACNX
DEB,ACNY
DEC,ACNZ
DED,ACOP
DEE,ACOQ
DEF,ACOR
DEG,ACOS
DEH,ACOT
DEI,ACOU
DEJ,ACOV
DEK,ACOW
DEL,ACOX
DEM,ACOY
DEN,ACOZ
DEO,ACPQ
DEP,ACPR
DEQ,ACPS
DER,ACPT
DES,ACPU
DET,ACPV
DEU,ACPW
DEV,ACPX
DEW,ACPY
DEX,ACPZ
DEY,ACQR
DEZ,ACQS
DFA,ACQT
DFB,ACQU
DFC,ACQV
DFD,ACQW
DFE,ACQX
DFF,ACQY
DFG,ACQZ
DFH,ACRS
DFI,ACRT
DFJ,ACRU
DFK,ACRV
DFL,ACRW
DFM,ACRX
DFN,ACRY
DFO,ACRZ
DFP,ACST
DFQ,ACSU
DFR,ACSV
DFS,ACSW
DFT,ACSX
DFU,ACSY
DFW,ACSZ
DFY,ACTU
DGA,ACTV
DGB,ACTW
DGC,ACTX
DGD,ACTY
DGE,ACTZ
DGF,ACUV
DGG,ACUW
DGH,ACUX
DGI,ACUY
DGJ,ACUZ
DGK,ACVW
DGL,ACVX
DGM,ACVY
DGN,ACVZ
DGO,ACWX
DGP,ACWY
DGR,ACWZ
DGT,ACXY
DGU,ACXZ
DGV,ACYZ
DGW,ADEF
DGX,ADEG
DGZ,ADEH
DHA,ADEI
DHB,ADEJ
DHC,ADEK
DHD,ADEL
DHI,ADEM
DHK,ADEN
DHL,ADEO
DHM,ADEP
DHS,ADEQ
DHT,ADER
DHX,ADES
DIA,ADET
DIB,ADEU
DIC,ADEV
DID,ADEW
DIE,ADEX
DIF,ADEY
DIG,ADEZ
DIH,ADFG
DII,ADFH
DIJ,ADFI
DIK,ADFJ
DIL,ADFK
DIM,ADFL
DIN,ADFM
DIO,ADFN
DIP,ADFO
DIQ,ADFP
DIR,ADFQ
DIS,ADFR
DIT,ADFS
DIU,ADFT
DIV,ADFU
DIW,ADFV
DIX,ADFW
DIY,ADFX
DIZ,ADFY
DJT,ADFZ
DKE,ADGH
DKH,ADGI
DLA,ADGJ
DLH,ADGK
DMG,ADGL
DMI,ADGM
DMN,ADGN
DNC,ADGO
DNM,ADGP
DNU,ADGQ
DNV,ADGR
DOC,ADGS
DOG,ADGT
DOL,ADGU
DON,ADGV
DOP,ADGW
DOR,ADGX
DPJ,ADGY
DRA,ADGZ
DRM,ADHI
DRU,ADHJ
DRW,ADHK
DSO,ADHL
DTA,ADHM
DTH,ADHN
DTR,ADHO
DUB,ADHP
DUK,ADHQ
DUM,ADHR
DUN,ADHS
DUS,ADHT
DVN,ADHU
DWT,ADHV
EAD,ADHW
EAF,ADHX
EAO,ADHY
EAP,ADHZ
EAT,ADIJ
EAU,ADIK
EAV,ADIL
EAX,ADIM
ECA,ADIN
ECC,ADIO
ECE,ADIP
ECG,ADIQ
ECH,ADIR
ECJ,ADIS
ECK,ADIT
ECL,ADIU
ECM,ADIV
ECN,ADIW
EDC,ADIX
EDG,ADIY
EDL,ADIZ
EDW,ADJK
EES,ADJL
EEU,ADJM
EFD,ADJN
EFF,ADJO
EFY,ADJP
EGL,ADJQ
EGS,ADJR
EGY,ADJS
EIB,ADJT
EIC,ADJU
EID,ADJV
EIE,ADJW
EIG,ADJX
EII,ADJY
EIK,ADJZ
EIL,ADKL
EIN,ADKM
EIO,ADKN
EIS,ADKO
EIW,ADKP
EIY,ADKQ
EJM,ADKR
EJU,ADKS
ELB,ADKT
ELJ,ADKU
ELL,ADKV
ELO,ADKW
ELV,ADKX
ELY,ADKY
EMM,ADKZ
ENA,ADLM
ENF,ADLN
ENT,ADLO
ENZ,ADLP
EOA,ADLQ
EOL,ADLR
EPA,ADLS
EQ_,ADLT
ERF,ADLU
ERN,ADLV
ESA,ADLW
ESE,ADLX
ESF,ADLY
ESK,ADLZ
ESM,ADMN
ESP,ADMO
ESR,ADMP
ESS,ADMQ
EST,ADMR
ESV,ADMS
ESW,ADMT
ESY,ADMU
ESZ,ADMV
ETA,ADMW
ETD,ADMX
ETH,ADMY
ETI,ADMZ
ETR,ADNO
EUJ,ADNP
EUP,ADNQ
EUW,ADNR
EVA,ADNS
EVE,ADNT
EVJ,ADNU
EVL,ADNV
EVO,ADNW
EWE,ADNX
EWG,ADNY
EWQ,ADNZ
EXA,ADOP
EXD,ADOQ
EXJ,ADOR
EXM,ADOS
EXS,ADOT
EXY,ADOU
EYE,ADOV
EZD,ADOW
EZE,ADOX
EZS,ADOY
EZY,ADOZ
FAB,ADPQ
FAC,ADPR
FAE,ADPS
FAF,ADPT
FAH,ADPU
FAL,ADPV
FAR,ADPW
FBA,ADPX
FBG,ADPY
FBI,ADPZ
FBL,ADQR
FBN,ADQS
FBP,ADQT
FBR,ADQU
FBS,ADQV
FBT,ADQW
FBU,ADQX
FBV,ADQY
FBX,ADQZ
FBY,ADRS
FCB,ADRT
FCK,ADRU
FCM,ADRV
FDB,ADRW
FDO,ADRX
FDS,ADRY
FDX,ADRZ
FEG,ADST
FEI,ADSU
FEN,ADSV
FEX,ADSW
FFE,ADSX
FFI,ADSY
FFT,ADSZ
FFV,ADTU
FFW,ADTV
FGA,ADTW
FGB,ADTX
FGC,ADTY
FGD,ADTZ
FGE,ADUV
FGF,ADUW
FGG,ADUX
FGH,ADUY
FGI,ADUZ
FGJ,ADVW
FGK,ADVX
FGL,ADVY
FGM,ADVZ
FGN,ADWX
FGO,ADWY
FGP,ADWZ
FGR,ADXY
FGS,ADXZ
FGT,ADYZ
FGU,AEFG
FGV,AEFH
FGX,AEFI
FGY,AEFJ
FGZ,AEFK
FHA,AEFL
FHB,AEFM
FHC,AEFN
FHD,AEFO
FHE,AEFP
FHF,AEFQ
FHG,AEFR
FHI,AEFS
FHJ,AEFT
FHK,AEFU
FHL,AEFV
FHM,AEFW
FHN,AEFX
FHO,AEFY
FHP,AEFZ
FHR,AEGH
FHS,AEGI
FHT,AEGJ
FHU,AEGK
FHV,AEGL
FHX,AEGM
FHY,AEGN
FHZ,AEGO
FIA,AEGP
FIH,AEGQ
FIN,AEGR
FIR,AEGS
FJK,AEGT
FJR,AEGU
FLA,AEGV
FLC,AEGW
FLE,AEGX
FLI,AEGY
FLJ,AEGZ
FLK,AEHI
FLT,AEHJ
FLU,AEHK
FMA,AEHL
FMB,AEHM
FMC,AEHN
FMD,AEHO
FMG,AEHP
FMJ,AEHQ
FMY,AEHR
FNF,AEHS
FNG,AEHT
FNK,AEHU
FNO,AEHV
FNY,AEHW
FOM,AEHX
FOO,AEHY
FOR,AEHZ
FPL,AEIJ
FPO,AEIK
FPY,AEIL
FRA,AEIM
FRB,AEIN
FRF,AEIO
FRH,AEIP
FRV,AEIQ
FRX,AEIR
FSE,AEIS
FSM,AEIT
FTL,AEIU
FTR,AEIV
FTY,AEIW
FTZ,AEIX
FVF,AEIY
FWI,AEIZ
FWK,AEJK
FWN,AEJL
FWT,AEJM
FWW,AEJN
FXC,AEJO
FXP,AEJP
FXT,AEJQ
FYG,AEJR
FYL,AEJS
FYS,AEJT
FZA,AEJU
FZB,AEJV
FZC,AEJW
FZJ,AEJX
FZW,AEJY
GAC,AEJZ
GAF,AEKL
GAG,AEKM
GAJ,AEKN
GAK,AEKO
GAL,AEKP
GAM,AEKQ
GAP,AEKR
GAT,AEKS
GAV,AEKT
GAY,AEKU
GAZ,AEKV
GBA,AEKW
GBB,AEKX
GBC,AEKY
GBD,AEKZ
GBE,AELM
GBF,AELN
GBG,AELO
GBH,AELP
GBJ,AELQ
GBK,AELR
GBM,AELS
GBN,AELT
GBO,AELU
GBP,AELV
GBR,AELW
GBS,AELX
GBW,AELY
GBX,AELZ
GBY,AEMN
GCA,AEMO
GCC,AEMP
GCD,AEMQ
GCE,AEMR
GCF,AEMS
GCG,AEMT
GCH,AEMU
GCI,AEMV
GCJ,AEMW
GCK,AEMX
GCL,AEMY
GCP,AEMZ
GCR,AENO
GCT,AENP
GCW,AENQ
GCY,AENR
GCZ,AENS
GDA,AENT
GDE,AENU
GDG,AENV
GDI,AENW
GDK,AENX
GDM,AENY
GDN,AENZ
GDO,AEOP
GDS,AEOQ
GDV,AEOR
GDX,AEOS
GDY,AEOT
GDZ,AEOU
GEC,AEOV
GEE,AEOW
GEG,AEOX
GEH,AEOY
GEI,AEOZ
GEJ,AEPQ
GEL,AEPR
GEM,AEPS
GEN,AEPT
GEO,AEPU
GER,AEPV
GES,AEPW
GEU,AEPX
GEV,AEPY
GEX,AEPZ
GFA,AEQR
GFC,AEQS
GFD,AEQT
GFF,AEQU
GFI,AEQV
GFL,AEQW
GFM,AEQX
GFO,AEQY
GGA,AEQZ
GGC,AERS
GGF,AERT
GGI,AERU
GGL,AERV
GGO,AERW
GGP,AERX
GGS,AERY
GGU,AERZ
GHA,AEST
GHN,AESU
GHO,AESV
GHT,AESW
GIA,AESX
GIF,AESY
GIL,AESZ
GIN,AETU
GIR,AETV
GIZ,AETW
GJA,AETX
GJB,AETY
GJD,AETZ
GJE,AEUV
GJI,AEUW
GJK,AEUX
GJM,AEUY
GJO,AEUZ
GJT,AEVW
GKA,AEVX
GKE,AEVY
GKF,AEVZ
GKI,AEWX
GKM,AEWY
GKN,AEWZ
GKO,AEXY
GKS,AEXZ
GLA,AEYZ
GLC,AFGH
GLE,AFGI
GLI,AFGJ
GLJ,AFGK
GLO,AFGL
GLP,AFGM
GLS,AFGN
GLU,AFGO
GLW,AFGP
GMA,AFGQ
GMC,AFGR
GME,AFGS
GMI,AFGT
GML,AFGU
GMO,AFGV
GMP,AFGW
GMR,AFGX
GMU,AFGY
GNA,AFGZ
GNB,AFHI
GNE,AFHJ
GNI,AFHK
GNJ,AFHL
GNX,AFHM
GNY,AFHN
GOA,AFHO
GOB,AFHP
GOC,AFHQ
GOD,AFHR
GOE,AFHS
GOF,AFHT
GOG,AFHU
GOI,AFHV
GOJ,AFHW
GOL,AFHX
GOM,AFHY
GOO,AFHZ
GOP,AFIJ
GOR,AFIK
GOS,AFIL
GOT,AFIM
GOU,AFIN
GOW,AFIO
GPA,AFIP
GPC,AFIQ
GPD,AFIR
GPE,AFIS
GPH,AFIT
GPK,AFIU
GPM,AFIV
GPO,AFIW
GPT,AFIX
GPU,AFIY
GRA,AFIZ
GRE,AFJK
GRF,AFJL
GRI,AFJM
GRL,AFJN
GRN,AFJO
GRV,AFJP
GRX,AFJQ
GSA,AFJR
GSC,AFJS
GSD,AFJT
GSE,AFJU
GSF,AFJV
GSG,AFJW
GSH,AFJX
GSI,AFJY
GSJ,AFJZ
GSK,AFKL
GSM,AFKM
GSN,AFKN
GSP,AFKO
GSR,AFKP
GST,AFKQ
GSU,AFKR
GSV,AFKS
GSW,AFKT
GTA,AFKU
GTB,AFKV
GTF,AFKW
GTH,AFKX
GTI,AFKY
GTR,AFKZ
GTU,AFLM
GUI,AFLN
GUK,AFLO
GUM,AFLP
GUN,AFLQ
GUS,AFLR
GVB,AFLS
GVI,AFLT
GVO,AFLU
GWC,AFLV
GWE,AFLW
GWI,AFLX
GWM,AFLY
GWO,AFLZ
GWY,AFMN
GWZ,AFMO
GXD,AFMP
GXI,AFMQ
GXJ,AFMR
GXX,AFMS
GYA,AFMT
GYE,AFMU
GZA,AFMV
GZL,AFMW
GZP,AFMX
GZQ,AFMY
GZZ,AFMZ
HAA,AFNO
HAB,AFNP
HAC,AFNQ
HAD,AFNR
HAF,AFNS
HAJ,AFNT
HAK,AFNU
HAM,AFNV
HAN,AFNW
HAR,AFNX
HAS,AFNY
HAT,AFNZ
HAV,AFOP
HAW,AFOQ
HAY,AFOR
HBA,AFOS
HBC,AFOT
HBD,AFOU
HBE,AFOV
HBF,AFOW
HBG,AFOX
HBH,AFOY
HBI,AFOZ
HBJ,AFPQ
HBK,AFPR
HBL,AFPS
HBN,AFPT
HBO,AFPU
HBP,AFPV
HBS,AFPW
HBT,AFPX
HBV,AFPY
HBZ,AFPZ
HEI,AFQR
HEP,AFQS
HER,AFQT
HFM,AFQU
HFY,AFQV
HHE,AFQW
HHN,AFQX
HKC,AFQY
HKE,AFQZ
HKH,AFRS
HKS,AFRT
HKY,AFRU
HLE,AFRV
HLR,AFRW
HMF,AFRX
HMJ,AFRY
HMY,AFRZ
HNL,AFST
HOC,AFSU
HON,AFSV
HOO,AFSW
HOP,AFSX
HOW,AFSY
HRE,AFSZ
HRK,AFTU
HRM,AFTV
HRN,AFTW
HRT,AFTX
HRY,AFTY
HSK,AFTZ
HSO,AFUV
HST,AFUW
HSW,AFUX
HTA,AFUY
HTM,AFUZ
HUA,AFVW
HUM,AFVX
HVK,AFVY
HVN,AFVZ
HWA,AFWX
HYP,AFWY
HYR,AFWZ
HZA,AFXY
HZF,AFXZ
HZH,AFYZ
HZK,AGHI
HZN,AGHJ
HZS,AGHK
HZX,AGHL
IAC,AGHM
IAD,AGHN
IAE,AGHO
IAF,AGHP
IAG,AGHQ
IAM,AGHR
IAP,AGHS
IAW,AGHT
IAZ,AGHU
IBB,AGHV
IBE,AGHW
IBG,AGHX
IBI,AGHY
IBJ,AGHZ
IBK,AGIJ
IBL,AGIK
IBN,AGIL
IBO,AGIM
IBS,AGIN
ICC,AGIO
ICD,AGIP
ICE,AGIQ
ICF,AGIR
ICG,AGIS
ICL,AGIT
ICN,AGIU
ICO,AGIV
ICR,AGIW
ICT,AGIX
ICV,AGIY
IDA,AGIZ
IDD,AGJK
IDE,AGJL
IDP,AGJM
IEA,AGJN
IEC,AGJO
IED,AGJP
IEE,AGJQ
IEI,AGJR
IEL,AGJS
IEM,AGJT
IEP,AGJU
IFA,AGJV
IFC,AGJW
IFE,AGJX
IFI,AGJY
IFM,AGJZ
IFO,AGKL
IFV,AGKM
IFX,AGKN
IGA,AGKO
IGB,AGKP
IGC,AGKQ
IGD,AGKR
IGE,AGKS
IGG,AGKT
IGI,AGKU
IGO,AGKV
IGR,AGKW
IHE,AGKX
IHI,AGKY
IID,AGKZ
IIM,AGLM
IJA,AGLN
IJM,AGLO
IKI,AGLP
IKK,AGLQ
IKR,AGLR
ILE,AGLS
ILI,AGLT
ILT,AGLU
ILU,AGLV
IMA,AGLW
IMC,AGLX
IME,AGLY
IMI,AGLZ
IML,AGMN
IMN,AGMO
IMO,AGMP
IMX,AGMQ
INA,AGMR
INI,AGMS
INR,AGMT
INU,AGMU
IOG,AGMV
IOL,AGMW
IOZ,AGMX
IPA,AGMY
IPF,AGMZ
IPG,AGNO
IPP,AGNP
IPR,AGNQ
IPV,AGNR
IRA,AGNS
IRB,AGNT
IRC,AGNU
IRD,AGNV
IRI,AGNW
IRL,AGNX
IRM,AGNY
IRQ,AGNZ
IRR,AGOP
IRT,AGOQ
IRV,AGOR
ISK,AGOS
ISL,AGOT
ISN,AGOU
ISR,AGOV
ISS,AGOW
IST,AGOX
ITA,AGOY
ITE,AGOZ
ITF,AGPQ
ITL,AGPR
ITO,AGPS
IUN,AGPT
IVA,AGPU
IVE,AGPV
IVI,AGPW
IVY,AGPX
IWA,AGPY
IWN,AGPZ
IXP,AGQR
IXR,AGQS
IYE,AGQT
IZG,AGQU
JAD,AGQV
JAF,AGQW
JAI,AGQX
JAL,AGQY
JAM,AGQZ
JAR,AGRS
JAS,AGRT
JAV,AGRU
JAW,AGRV
JBC,AGRW
JBU,AGRX
JCB,AGRY
JCL,AGRZ
JCO,AGST
JCT,AGSU
JDI,AGSV
JEF,AGSW
JEI,AGSX
JEP,AGSY
JET,AGSZ
JFA,AGTU
JFE,AGTV
JFU,AGTW
JGH,AGTX
JGM,AGTY
JGS,AGTZ
JIV,AGUV
JJA,AGUW
JJM,AGUX
JJP,AGUY
JKH,AGUZ
JLG,AGVW
JLL,AGVX
JLN,AGVY
JME,AGVZ
JMK,AGWX
JML,AGWY
JMP,AGWZ
JNA,AGXY
JNK,AGXZ
JNL,AGYZ
JNY,AHIJ
JOK,AHIK
JON,AHIL
JOR,AHIM
JSA,AHIN
JSH,AHIO
JSI,AHIP
JST,AHIQ
JSX,AHIR
JSY,AHIS
JTG,AHIT
JTI,AHIU
JTL,AHIV
JTN,AHIW
JTS,AHIX
JUM,AHIY
JUN,AHIZ
JYA,AHJK
JYC,AHJL
JYH,AHJM
JZR,AHJN
KAC,AHJO
KAF,AHJP
KAI,AHJQ
KAL,AHJR
KAM,AHJS
KAR,AHJT
KAY,AHJU
KBD,AHJV
KBV,AHJW
KCE,AHJX
KDT,AHJY
KEJ,AHJZ
KER,AHKL
KFB,AHKM
KFE,AHKN
KFR,AHKO
KGK,AHKP
KGL,AHKQ
KHA,AHKR
KHH,AHKS
KHK,AHKT
KIA,AHKU
KIC,AHKV
KIL,AHKW
KIM,AHKX
KIT,AHKY
KJD,AHKZ
KJE,AHLM
KKB,AHLN
KKK,AHLO
KLC,AHLP
KLJ,AHLQ
KLM,AHLR
KMF,AHLS
KMR,AHLT
KNE,AHLU
KOC,AHLV
KOJ,AHLW
KQA,AHLX
KRF,AHLY
KRH,AHLZ
KRP,AHMN
KST,AHMO
KTB,AHMP
KTK,AHMQ
KTR,AHMR
KUG,AHMS
KZN,AHMT
KZR,AHMU
KZU,AHMV
LAA,AHMW
LAC,AHMX
LAN,AHMY
LAV,AHMZ
LBH,AHNO
LBT,AHNP
LBY,AHNQ
LBZ,AHNR
LCD,AHNS
LCO,AHNT
LCX,AHNU
LDM,AHNV
LDX,AHNW
LEA,AHNX
LED,AHNY
LEE,AHNZ
LEU,AHOP
LFO,AHOQ
LGL,AHOR
LGT,AHOS
LHB,AHOT
LHO,AHOU
LIN,AHOV
LIO,AHOW
LIP,AHOX
LJU,AHOY
LKE,AHOZ
LLC,AHPQ
LLK,AHPR
LLM,AHPS
LLP,AHPT
LLT,AHPU
LMJ,AHPV
LMU,AHPW
LNA,AHPX
LNB,AHPY
LND,AHPZ
LNE,AHQR
LNF,AHQS
LNH,AHQT
LNI,AHQU
LNK,AHQV
LNL,AHQW
LNM,AHQX
LNN,AHQY
LNO,AHQZ
LNQ,AHRS
LNT,AHRT
LNV,AHRU
LNX,AHRV
LNY,AHRW
LNZ,AHRX
LOG,AHRY
LOT,AHRZ
LOU,AHST
LPA,AHSU
LPE,AHSV
LPR,AHSW
LRK,AHSX
LRQ,AHSY
LSA,AHSZ
LSM,AHTU
LSV,AHTV
LTC,AHTW
LTG,AHTX
LTR,AHTY
LTU,AHTZ
LUC,AHUV
LUR,AHUW
LVB,AHUX
LVC,AHUY
LVF,AHUZ
LVG,AHVW
LVH,AHVX
LVI,AHVY
LWA,AHVZ
LWG,AHWX
LWI,AHWY
LXA,AHWZ
LXC,AHXY
LXE,AHXZ
LXF,AHYZ
LXG,AIJK
LXJ,AIJL
LXL,AIJM
LXM,AIJN
LXN,AIJO
LXR,AIJP
LXS,AIJQ
LXT,AIJR
LXW,AIJS
LXY,AIJT
LXZ,AIJU
LYA,AIJV
LYB,AIJW
LYC,AIJX
LYD,AIJY
LYE,AIJZ
LYF,AIKL
LYI,AIKM
LYL,AIKN
LYM,AIKO
LYN,AIKP
LYT,AIKQ
LYV,AIKR
LZA,AIKS
LZB,AIKT
LZF,AIKU
LZH,AIKV
LZO,AIKW
LZV,AIKX
MAA,AIKY
MAB,AIKZ
MAC,AILM
MAE,AILN
MAF,AILO
MAG,AILP
MAI,AILQ
MAK,AILR
MAL,AILS
MAN,AILT
MAR,AILU
MAS,AILV
MAT,AILW
MAU,AILX
MAV,AILY
MAZ,AILZ
MBA,AIMN
MBB,AIMO
MBE,AIMP
MBG,AIMQ
MBH,AIMR
MBI,AIMS
MBL,AIMT
MCA,AIMU
MCC,AIMV
MCE,AIMW
MCH,AIMX
MCI,AIMY
MCL,AIMZ
MCO,AINO
MCP,AINP
MCR,AINQ
MCS,AINR
MCV,AINS
MDA,AINT
MDF,AINU
MDG,AINV
MDI,AINW
MDL,AINX
MDM,AINY
MDO,AINZ
MDR,AIOP
MDS,AIOQ
MDT,AIOR
MDU,AIOS
MDW,AIOT
MEA,AIOU
MEC,AIOV
MED,AIOW
MEE,AIOX
MEG,AIOY
MEL,AIOZ
MEM,AIPQ
MEN,AIPR
MEP,AIPS
MER,AIPT
MET,AIPU
MEV,AIPV
MFA,AIPW
MFI,AIPX
MFL,AIPY
MFO,AIPZ
MFR,AIQR
MFU,AIQS
MGE,AIQT
MGF,AIQU
MGG,AIQV
MGL,AIQW
MGM,AIQX
MGO,AIQY
MGR,AIQZ
MGS,AIRS
MGX,AIRT
MGZ,AIRU
MHA,AIRV
MHH,AIRW
MHO,AIRX
MHS,AIRY
MHV,AIRZ
MIA,AIST
MIC,AISU
MIF,AISV
MIG,AISW
MIL,AISX
MIN,AISY
MIP,AISZ
MIR,AITU
MIS,AITV
MJC,AITW
MJE,AITX
MJF,AITY
MJN,AITZ
MJS,AIUV
MJT,AIUW
MKE,AIUX
MKG,AIUY
MKK,AIUZ
MKN,AIVW
MKR,AIVX
MLC,AIVY
MLD,AIVZ
MLE,AIWX
MLH,AIWY
MLI,AIWZ
MLJ,AIXY
MLM,AIXZ
MLN,AIYZ
MLO,AJKL
MLR,AJKM
MLT,AJKN
MLW,AJKO
MMA,AJKP
MMB,AJKQ
MMD,AJKR
MME,AJKS
MMI,AJKT
MMJ,AJKU
MMM,AJKV
MMO,AJKW
MMR,AJKX
MMS,AJKY
MMT,AJKZ
MMZ,AJLM
MNA,AJLN
MNB,AJLO
MNG,AJLP
MNJ,AJLQ
MNO,AJLR
MNS,AJLS
MNT,AJLT
MOB,AJLU
MOC,AJLV
MOD,AJLW
MOE,AJLX
MOL,AJLY
MON,AJLZ
MOO,AJMN
MOR,AJMO
MOS,AJMP
MOT,AJMQ
MOU,AJMR
MOV,AJMS
MOZ,AJMT
MPC,AJMU
MPH,AJMV
MPI,AJMW
MPL,AJMX
MPM,AJMY
MPO,AJMZ
MQT,AJNO
MRB,AJNP
MRC,AJNQ
MRE,AJNR
MRF,AJNS
MRI,AJNT
MRK,AJNU
MRL,AJNV
MRN,AJNW
MRO,AJNX
MRR,AJNY
MRT,AJNZ
MRZ,AJOP
MSA,AJOQ
MSB,AJOR
MSC,AJOS
MSE,AJOT
MSF,AJOU
MSI,AJOV
MSK,AJOW
MSN,AJOX
MSO,AJOY
MSP,AJOZ
MSQ,AJPQ
MSR,AJPR
MSS,AJPS
MST,AJPT
MSU,AJPU
MSX,AJPV
MTA,AJPW
MTB,AJPX
MTE,AJPY
MTF,AJPZ
MTH,AJQR
MTI,AJQS
MTL,AJQT
MTO,AJQU
MTR,AJQV
MTS,AJQW
MTY,AJQX
MUL,AJQY
MUN,AJQZ
MUR,AJRS
MUS,AJRT
MVI,AJRU
MWA,AJRV
MWI,AJRW
MWO,AJRX
MWR,AJRY
MXD,AJRZ
MXG,AJST
MXM,AJSU
MYA,AJSV
MYB,AJSW
MYF,AJSX
MYG,AJSY
MYJ,AJSZ
MYN,AJTU
MYO,AJTV
MYS,AJTW
MYU,AJTX
MYV,AJTY
MYW,AJTZ
MYX,AJUV
MZE,AJUW
MZJ,AJUX
NAC,AJUY
NAF,AJUZ
NAI,AJVW
NAK,AJVX
NAL,AJVY
NAN,AJVZ
NAS,AJWX
NAT,AJWY
NAV,AJWZ
NAX,AJXY
NAY,AJXZ
NCA,AJYZ
NCG,AKLM
NCR,AKLN
NCT,AKLO
NEF,AKLP
NEM,AKLQ
NES,AKLR
NFA,AKLS
NGL,AKLT
NGR,AKLU
NGT,AKLV
NHX,AKLW
NIA,AKLX
NIC,AKLY
NIG,AKLZ
NIL,AKMN
NIM,AKMO
NJE,AKMP
NKP,AKMQ
NKS,AKMR
NLV,AKMS
NLY,AKMT
NMA,AKMU
NMB,AKMV
NMD,AKMW
NOB,AKMX
NOH,AKMY
NOJ,AKMZ
NOK,AKNO
NOS,AKNP
NOW,AKNQ
NPT,AKNR
NQK,AKNS
NRS,AKNT
NSH,AKNU
NSK,AKNV
NTB,AKNW
NTF,AKNX
NTJ,AKNY
NVD,AKNZ
NVJ,AKOP
NVR,AKOQ
NVY,AKOR
NWG,AKOS
NWS,AKOT
NXU,AKOU
NYA,AKOV
NYX,AKOW
OAE,AKOX
OAL,AKOY
OAR,AKOZ
OAV,AKPQ
OAW,AKPR
OBS,AKPS
OCE,AKPT
OCJ,AKPU
OCO,AKPV
OCT,AKPW
ODE,AKPX
ODM,AKPY
OEA,AKPZ
OEC,AKQR
OED,AKQS
OEE,AKQT
OEF,AKQU
OEG,AKQV
OEH,AKQW
OEI,AKQX
OEK,AKQY
OEL,AKQZ
OES,AKRS
OEU,AKRT
OEV,AKRU
OFL,AKRV
OHA,AKRW
OHB,AKRX
OHC,AKRY
OHD,AKRZ
OHE,AKST
OHI,AKSU
OHJ,AKSV
OHK,AKSW
OHM,AKSX
OHP,AKSY
OHR,AKSZ
OHS,AKTU
OHT,AKTV
OHW,AKTW
OHY,AKTX
OKA,AKTY
OKB,AKTZ
OKC,AKUV
OKD,AKUW
OKE,AKUX
OKF,AKUY
OKG,AKUZ
OKH,AKVW
OKI,AKVX
OKJ,AKVY
OKK,AKVZ
OKL,AKWX
OKM,AKWY
OKO,AKWZ
OKP,AKXY
OKR,AKXZ
OKS,AKYZ
OKT,ALMN
OKU,ALMO
OKV,ALMP
OKX,ALMQ
OKZ,ALMR
OLB,ALMS
OLI,ALMT
OLY,ALMU
OMA,ALMV
OMC,ALMW
OMD,ALMX
OME,ALMY
OMG,ALMZ
OMI,ALNO
OMK,ALNP
OML,ALNQ
OMM,ALNR
OMR,ALNS
OMS,ALNT
OMT,ALNU
OMU,ALNV
OMW,ALNW
ONE,ALNX
OOA,ALNY
OOC,ALNZ
OOD,ALOP
OOE,ALOQ
OOF,ALOR
OOG,ALOS
OOH,ALOT
OOI,ALOU
OOJ,ALOV
OOK,ALOW
OOL,ALOX
OOM,ALOY
OON,ALOZ
OOO,ALPQ
OOP,ALPR
OOR,ALPS
OOS,ALPT
OOT,ALPU
OOU,ALPV
OOV,ALPW
OOW,ALPX
OOX,ALPY
OPM,ALPZ
ORB,ALQR
ORC,ALQS
ORF,ALQT
ORI,ALQU
ORO,ALQV
ORT,ALQW
OSP,ALQX
OSY,ALQY
OTF,ALQZ
OTG,ALRS
OTI,ALRT
OTJ,ALRU
OTK,ALRV
OUR,ALRW
OUT,ALRX
OVD,ALRY
OXF,ALRZ
OXM,ALST
OYA,ALSU
OYB,ALSV
OYC,ALSW
OYD,ALSX
OYE,ALSY
OYF,ALSZ
OYG,ALTU
OYH,ALTV
OYI,ALTW
OYJ,ALTX
OYL,ALTY
OYM,ALTZ
OYN,ALUV
OYO,ALUW
OYP,ALUX
OYR,ALUY
OYS,ALUZ
OYT,ALVW
OYU,ALVX
OYV,ALVY
OYW,ALVZ
OYZ,ALWX
PAA,ALWY
PAC,ALWZ
PAJ,ALXY
PAL,ALXZ
PAN,ALYZ
PAT,AMNO
PAV,AMNP
PBD,AMNQ
PBN,AMNR
PCH,AMNS
PCT,AMNT
PDG,AMNU
PDY,AMNV
PEA,AMNW
PEG,AMNX
PEI,AMNY
PEL,AMNZ
PEO,AMOP
PER,AMOQ
PEV,AMOR
PGT,AMOS
PHA,AMOT
PHB,AMOU
PHC,AMOV
PHD,AMOW
PHE,AMOX
PHF,AMOY
PHG,AMOZ
PHH,AMPQ
PHJ,AMPR
PHK,AMPS
PHL,AMPT
PHM,AMPU
PHN,AMPV
PHO,AMPW
PHP,AMPX
PHR,AMPY
PHS,AMPZ
PHT,AMQR
PHU,AMQS
PHV,AMQT
PHW,AMQU
PHX,AMQV
PHY,AMQW
PIA,AMQX
PIC,AMQY
PIL,AMQZ
PIP,AMRS
PIR,AMRT
PJS,AMRU
PJZ,AMRV
PKL,AMRW
PKZ,AMRX
PLF,AMRY
PLG,AMRZ
PLM,AMST
PMV,AMSU
PNC,AMSV
PNT,AMSW
PNX,AMSX
PNY,AMSY
POF,AMSZ
POK,AMTU
POL,AMTV
POR,AMTW
POS,AMTX
PPA,AMTY
PPB,AMTZ
PPC,AMUV
PPD,AMUW
PPF,AMUX
PPI,AMUY
PPJ,AMUZ
PPL,AMVW
PPM,AMVX
PPO,AMVY
PPU,AMVZ
PPV,AMWX
PPW,AMWY
PRA,AMWZ
PRB,AMXY
PRC,AMXZ
PRD,AMYZ
PRE,ANOP
PRF,ANOQ
PRG,ANOR
PRH,ANOS
PRI,ANOT
PRJ,ANOU
PRK,ANOV
PRN,ANOW
PRO,ANOX
PRP,ANOY
PRR,ANOZ
PRS,ANPQ
PRT,ANPR
PRV,ANPS
PRW,ANPT
PRX,ANPU
PRZ,ANPV
PSK,ANPW
PSX,ANPX
PSZ,ANPY
PTA,ANPZ
PTM,ANQR
PTO,ANQS
PTR,ANQT
PTS,ANQU
PTT,ANQV
PTZ,ANQW
PUE,ANQX
PUF,ANQY
PUM,ANQZ
PVG,ANRS
PVJ,ANRT
PVL,ANRU
PWF,ANRV
PXR,ANRW
PYA,ANRX
PYN,ANRY
QAF,ANRZ
QAJ,ANST
QDA,ANSU
QFA,ANSV
QFY,ANSW
QGA,ANSX
QID,ANSY
QNR,ANSZ
QQE,ANTU
QSM,ANTV
QTR,ANTW
RAC,ANTX
RAE,ANTY
RAI,ANTZ
RAM,ANUV
RAN,ANUW
RAT,ANUX
RAZ,ANUY
RBA,ANUZ
RBB,ANVW
RBG,ANVX
RCH,ANVY
RDA,ANVZ
RDF,ANWX
RDN,ANWY
REA,ANWZ
REB,ANXY
RED,ANXZ
REG,ANYZ
REJ,AOPQ
REN,AOPR
RES,AOPS
RET,AOPT
REU,AOPU
REV,AOPV
REX,AOPW
RFE,AOPX
RFF,AOPY
RFJ,AOPZ
RFR,AOQR
RGN,AOQS
RHK,AOQT
RIC,AOQU
RID,AOQV
RIF,AOQW
RIH,AOQX
RIS,AOQY
RIV,AOQZ
RJA,AORS
RJD,AORT
RJE,AORU
RJR,AORV
RKA,AORW
RKS,AORX
RLA,AORY
RLH,AORZ
RLU,AOST
RLX,AOSU
RMA,AOSV
RNX,AOSW
ROA,AOSX
ROB,AOSY
ROC,AOSZ
ROF,AOTU
ROG,AOTV
ROJ,AOTW
ROL,AOTX
ROM,AOTY
RON,AOTZ
ROS,AOUV
ROT,AOUW
ROU,AOUX
ROX,AOUY
RPC,AOUZ
RRF,AOVW
RRR,AOVX
RRZ,AOVY
RSB,AOVZ
RSC,AOWX
RSD,AOWY
RSF,AOWZ
RSJ,AOXY
RSO,AOXZ
RSY,AOYZ
RTA,APQR
RTG,APQS
RTO,APQT
RUN,APQU
RVP,APQV
RVR,APQW
RWD,APQX
RWL,APQY
RWZ,APQZ
RYR,APRS
RYS,APRT
RYW,APRU
RZO,APRV
SAA,APRW
SAH,APRX
SAI,APRY
SAK,APRZ
SAM,APST
SAR,APSU
SAS,APSV
SAT,APSW
SAV,APSX
SAW,APSY
SAY,APSZ
SAZ,APTU
SBI,APTV
SCA,APTW
SCO,APTX
SCQ,APTY
SCR,APTZ
SCT,APUV
SCU,APUW
SCW,APUX
SCX,APUY
SDE,APUZ
SDM,APVW
SDR,APVX
SEB,APVY
SEC,APVZ
SED,APWX
SEE,APWY
SEF,APWZ
SEG,APXY
SEH,APXZ
SEI,APYZ
SEJ,AQRS
SEK,AQRT
SEL,AQRU
SEM,AQRV
SEN,AQRW
SER,AQRX
SEV,AQRY
SEX,AQRZ
SEY,AQST
SFJ,AQSU
SFR,AQSV
SFS,AQSW
SGC,AQSX
SGD,AQSY
SGL,AQSZ
SGP,AQTU
SGR,AQTV
SHA,AQTW
SHE,AQTX
SHF,AQTY
SHJ,AQTZ
SHT,AQUV
SHU,AQUW
SHW,AQUX
SIA,AQUY
SIO,AQUZ
SIS,AQVW
SIX,AQVX
SJE,AQVY
SJJ,AQVZ
SJO,AQWX
SJT,AQWY
SKB,AQWZ
SKI,AQXY
SKU,AQXZ
SKY,AQYZ
SLD,ARST
SLJ,ARSU
SLM,ARSV
SMC,ARSW
SME,ARSX
SML,ARSY
SMP,ARSZ
SMR,ARTU
SMX,ARTV
SMY,ARTW
SNA,ARTX
SNB,ARTY
SNJ,ARTZ
SNM,ARUV
SNO,ARUW
SNZ,ARUX
SON,ARUY
SOO,ARUZ
SOP,ARVW
SOV,ARVX
SOW,ARVY
SOZ,ARVZ
SPA,ARWX
SPC,ARWY
SPD,ARWZ
SPE,ARXY
SPF,ARXZ
SPG,ARYZ
SPI,ASTU
SPK,ASTV
SPL,ASTW
SPM,ASTX
SPN,ASTY
SPO,ASTZ
SPP,ASUV
SPR,ASUW
SPS,ASUX
SPT,ASUY
SPU,ASUZ
SPW,ASVW
SQC,ASVX
SQF,ASVY
SQP,ASVZ
SRK,ASWX
SRN,ASWY
SRQ,ASWZ
SRR,ASXY
SRY,ASXZ
SSE,ASYZ
SSF,ATUV
SSG,ATUW
SSR,ATUX
SSZ,ATUY
STA,ATUZ
STK,ATVW
STL,ATVX
STM,ATVY
STN,ATVZ
STP,ATWX
STQ,ATWY
SUA,ATWZ
SUB,ATXY
SUC,ATXZ
SUI,ATYZ
SUL,AUVW
SUM,AUVX
SUS,AUVY
SVA,AUVZ
SVF,AUWX
SVR,AUWY
SVW,AUWZ
SWA,AUXY
SWG,AUXZ
SWM,AUYZ
SWN,AVWX
SWO,AVWY
SWQ,AVWZ
SWR,AVXY
SWT,AVXZ
SWZ,AVYZ
SXA,AWXY
SXB,AWXZ
SXD,AWYZ
SXE,AXYZ
SXG,BCDE
SXI,BCDF
SXK,BCDG
SXM,BCDH
SXN,BCDI
SXP,BCDJ
SXR,BCDK
SXS,BCDL
SXT,BCDM
SYA,BCDN
SYB,BCDO
SYG,BCDP
SYL,BCDQ
SYR,BCDR
SYU,BCDS
SZN,BCDT
SZS,BCDU
TAB,BCDV
TAL,BCDW
TAM,BCDX
TAP,BCDY
TAR,BCDZ
TAS,BCEF
TAX,BCEG
TAY,BCEH
TBA,BCEI
TBJ,BCEJ
TBM,BCEK
TBN,BCEL
TBZ,BCEM
TCA,BCEN
TCB,BCEO
TCC,BCEP
TCD,BCEQ
TCE,BCER
TCF,BCES
TCG,BCET
TCI,BCEU
TCK,BCEV
TCL,BCEW
TCM,BCEX
TCN,BCEY
TCO,BCEZ
TCR,BCFG
TCS,BCFH
TCT,BCFI
TCV,BCFJ
TCW,BCFK
TCX,BCFL
TCY,BCFM
TDR,BCFN
TES,BCFO
TEU,BCFP
TFF,BCFQ
TFG,BCFR
TFL,BCFS
TFS,BCFT
TFY,BCFU
TGD,BCFV
TGG,BCFW
TGT,BCFX
TGW,BCFY
TGZ,BCFZ
THA,BCGH
THI,BCGI
THT,BCGJ
THY,BCGK
TIE,BCGL
TIF,BCGM
TIG,BCGN
TIH,BCGO
TIR,BCGP
TIT,BCGQ
TJJ,BCGR
TJS,BCGS
TJT,BCGT
TLM,BCGU
TLR,BCGV
TNA,BCGW
TOG,BCGX
TOM,BCGY
TOR,BCGZ
TOW,BCHI
TOX,BCHJ
TOY,BCHK
TPA,BCHL
TRA,BCHM
TRE,BCHN
TRH,BCHO
TRI,BCHP
TRJ,BCHQ
TRK,BCHR
TRN,BCHS
TRS,BCHT
TRV,BCHU
TSC,BCHV
TSI,BCHW
TSM,BCHX
TSO,BCHY
TSR,BCHZ
TST,BCIJ
TTA,BCIK
TTD,BCIL
TTF,BCIM
TTJ,BCIN
TTP,BCIO
TTV,BCIP
TTW,BCIQ
TUA,BCIR
TUC,BCIS
TUG,BCIT
TUI,BCIU
TUL,BCIV
TUM,BCIW
TUN,BCIX
TUP,BCIY
TUR,BCIZ
TUX,BCJK
TVF,BCJL
TVJ,BCJM
TVL,BCJN
TVP,BCJO
TVQ,BCJP
TVS,BCJQ
TWB,BCJR
TWG,BCJS
TWI,BCJT
TWY,BCJU
TXC,BCJV
TXP,BCJW
TYA,BCJX
TYJ,BCJY
TYW,BCJZ
TZP,BCKL
TZS,BCKM
UAE,BCKN
UAF,BCKO
UAL,BCKP
UBD,BCKQ
UDN,BCKR
UEA,BCKS
UGC,BCKT
UHL,BCKU
UIT,BCKV
UJX,BCKW
UKL,BCKX
UKM,BCKY
UKN,BCKZ
ULA,BCLM
ULC,BCLN
ULY,BCLO
UMK,BCLP
UNO,BCLQ
UNY,BCLR
UPC,BCLS
UPE,BCLT
UPK,BCLU
UPM,BCLV
UPS,BCLW
URA,BCLX
URC,BCLY
URE,BCLZ
URG,BCMN
URH,BCMO
URP,BCMP
URR,BCMQ
URU,BCMR
USA,BCMS
UTA,BCMT
UTN,BCMU
UTP,BCMV
UTS,BCMW
UTX,BCMX
UVT,BCMY
UZA,BCMZ
UZB,BCNO
VAA,BCNP
VAI,BCNQ
VAJ,BCNR
VAL,BCNS
VAS,BCNT
VAU,BCNU
VAW,BCNV
VBA,BCNW
VBB,BCNX
VCG,BCNY
VCJ,BCNZ
VCN,BCOP
VCV,BCOQ
VDA,BCOR
VDR,BCOS
VEL,BCOT
VEX,BCOU
VGD,BCOV
VHF,BCOW
VHI,BCOX
VHL,BCOY
VHO,BCOZ
VHP,BCPQ
VHT,BCPR
VHU,BCPS
VHV,BCPT
VHW,BCPU
VHY,BCPV
VIK,BCPW
VIM,BCPX
VIP,BCPY
VIR,BCPZ
VIS,BCQR
VIV,BCQS
VIZ,BCQT
VJA,BCQU
VJC,BCQV
VJS,BCQW
VJT,BCQX
VKA,BCQY
VKG,BCQZ
VLB,BCRS
VLE,BCRT
VLG,BCRU
VLI,BCRV
VLJ,BCRW
VLM,BCRX
VLN,BCRY
VLS,BCRZ
VLU,BCST
VLZ,BCSU
VMP,BCSV
VMS,BCSW
VND,BCSX
VNL,BCSY
VOC,BCSZ
VOE,BCTU
VOI,BCTV
VOL,BCTW
VOR,BCTX
VOZ,BCTY
VPB,BCTZ
VPC,BCUV
VPF,BCUW
VQB,BCUX
VRD,BCUY
VRE,BCUZ
VSB,BCVW
VSR,BCVX
VSV,BCVY
VTA,BCVZ
VTB,BCWX
VTC,BCWY
VTD,BCWZ
VTE,BCXY
VTG,BCXZ
VTH,BCYZ
VTI,BDEF
VTJ,BDEG
VTN,BDEH
VTR,BDEI
VTS,BDEJ
VVB,BDEK
VVC,BDEL
VVM,BDEM
VVP,BDEN
VVR,BDEO
VVV,BDEP
VVY,BDEQ
VXS,BDER
VYT,BDES
WAD,BDET
WAJ,BDEU
WAR,BDEV
WAS,BDEW
WAU,BDEX
WAV,BDEY
WAY,BDEZ
WDG,BDFG
WDL,BDFH
WDW,BDFI
WEA,BDFJ
WEB,BDFK
WEN,BDFL
WGN,BDFM
WGT,BDFN
WHS,BDFO
WHT,BDFP
WID,BDFQ
WIF,BDFR
WIL,BDFS
WJA,BDFT
WKT,BDFU
WLB,BDFV
WOL,BDFW
WON,BDFX
WOR,BDFY
WOW,BDFZ
WRC,BDGH
WUK,BDGI
WVL,BDGJ
WWI,BDGK
WYC,BDGL
WZP,BDGM
WZZ,BDGN
XAA,BDGO
XAB,BDGP
XAC,BDGQ
XAD,BDGR
XAE,BDGS
XAF,BDGT
XAG,BDGU
XAJ,BDGV
XAM,BDGW
XAO,BDGX
XAR,BDGY
XAS,BDGZ
XAT,BDHI
XAV,BDHJ
XAX,BDHK
XAZ,BDHL
XBA,BDHM
XCH,BDHN
XEN,BDHO
XFL,BDHP
XGO,BDHQ
XJC,BDHR
XLF,BDHS
XLR,BDHT
XLS,BDHU
XMR,BDHV
XRC,BDHW
XRO,BDHX
XTB,BDHY
YAN,BDHZ
YIB,BDIJ
YLA,BDIK
YLC,BDIL
YLE,BDIM
YLI,BDIN
YLK,BDIO
YLN,BDIP
YLP,BDIQ
YLS,BDIR
YLV,BDIS
YRI,BDIT
YRJ,BDIU
YRM,BDIV
YRO,BDIW
YRP,BDIX
YRR,BDIY
YRT,BDIZ
YRW,BDJK
YRX,BDJL
YUB,BDJM
YUD,BDJN
YUG,BDJO
YUI,BDJP
YUM,BDJQ
YUP,BDJR
YUR,BDJS
YUS,BDJT
YUT,BDJU
YZR,BDJV
ZEM,BDJW
ZER,BDJX
ZJT,BDJY
ZKB,BDJZ
ZPB,BDKL
ZSA,BDKM
ZSD,BDKN
ZSE,BDKO
ZSF,BDKP
ZSJ,BDKQ
ZSK,BDKR
ZSL,BDKS
ZSN,BDKT
ZSX,BDKU
ZSZ,BDKV
ZXP,BDKW
ZZZ,BDKX
